web_scraper_order,web_scraper_start_url,nom,prix,adresse,image_lien-src
"1772356235-1","https://sn.coinafrique.com/categorie/autres-animaux?page=6","Bœufs","350 000CFA","location_onLouga, Sénégal","https://images.coinafrique.com/thumb_2694719_uploaded_image1_1602688985.jpg"
"1772356235-2","https://sn.coinafrique.com/categorie/autres-animaux?page=6","Vaches laitières","2 000 000CFA","location_onMbour, Sénégal","https://images.coinafrique.com/thumb_2687649_uploaded_image1_1602441772.jpg"
"1772356235-3","https://sn.coinafrique.com/categorie/autres-animaux?page=6","Chèvre Bouc de race","200 000CFA","location_onLouga, Sénégal","https://images.coinafrique.com/thumb_2675855_uploaded_image1_1601992602.jpg"
"1772356235-4","https://sn.coinafrique.com/categorie/autres-animaux?page=6","Bouc chèvre","100 000CFA","location_onDiamniadio, Sénégal","https://images.coinafrique.com/thumb_2673741_uploaded_image2_1601909107.jpeg"
"1772356235-5","https://sn.coinafrique.com/categorie/autres-animaux?page=6","Paon bleu","225 000CFA","location_onDakar, Sénégal","https://images.coinafrique.com/thumb_2663712_uploaded_image1_1601554766.jpg"
"1772356235-6","https://sn.coinafrique.com/categorie/autres-animaux?page=6","Chatons","Prix sur demande","location_onGorée, Dakar, Sénégal","https://images.coinafrique.com/thumb_2637004_uploaded_image1_1600508302.jpg"
"1772356235-7","https://sn.coinafrique.com/categorie/autres-animaux?page=6","Oie","100 000CFA","location_onMbour, Sénégal","https://images.coinafrique.com/thumb_2630503_uploaded_image1_1600266971.jpg"
"1772356235-8","https://sn.coinafrique.com/categorie/autres-animaux?page=6","Oiseau Maknol","Prix sur demande","location_onKaffrine, Sénégal","https://images.coinafrique.com/thumb_2583338_uploaded_image1_1598650419.jpg"
"1772356235-9","https://sn.coinafrique.com/categorie/autres-animaux?page=6","Oies","80 000CFA","location_onDiourbel, Sénégal","https://images.coinafrique.com/thumb_2550824_uploaded_image1_1597673774.jpg"
"1772356235-10","https://sn.coinafrique.com/categorie/autres-animaux?page=6","Vaches hollandaises","Prix sur demande","location_onSaint Louis, Sénégal","https://images.coinafrique.com/thumb_2434087_uploaded_image1_1594647765.jpg"
"1772356235-11","https://sn.coinafrique.com/categorie/autres-animaux?page=6","Géniteur hollandais Holstein","1 200 000CFA","location_onMboro, Sénégal","https://images.coinafrique.com/thumb_2430101_uploaded_image1_1594560513.jpg"
"1772356235-12","https://sn.coinafrique.com/categorie/autres-animaux?page=6","Dindes","Prix sur demande","location_onMbour, Sénégal","https://images.coinafrique.com/thumb_2421638_uploaded_image1_1594369039.jpg"
"1772356235-13","https://sn.coinafrique.com/categorie/autres-animaux?page=6","Souris blanc","Prix sur demande","location_onHann Bel-Air, Dakar, Sénégal","https://images.coinafrique.com/thumb_2407511_uploaded_image1_1594131854.jpg"
"1772356235-14","https://sn.coinafrique.com/categorie/autres-animaux?page=6","Couples Paons","250 000CFA","location_onKeur Massar, Sénégal","https://images.coinafrique.com/thumb_2394305_uploaded_image2_1593898972.jpeg"
"1772356235-15","https://sn.coinafrique.com/categorie/autres-animaux?page=6","Chat blanc turc","150 000CFA","location_onMermoz-Sacré Coeur, Dakar, Sénégal","https://images.coinafrique.com/thumb_2388043_uploaded_image1_1593787521.jpg"
"1772356235-16","https://sn.coinafrique.com/categorie/autres-animaux?page=6","Dinde","20 000CFA","location_onDakar, Sénégal","https://images.coinafrique.com/thumb_2351112_uploaded_image1_1593181120.jpg"
"1772356235-17","https://sn.coinafrique.com/categorie/autres-animaux?page=6","Kittens / chatons","90 000CFA","location_onYoff, Dakar, Sénégal","https://images.coinafrique.com/thumb_2319268_uploaded_image1_1592689460.jpg"
"1772356235-18","https://sn.coinafrique.com/categorie/autres-animaux?page=6","Perruches","Prix sur demande","location_onPoint E, Dakar, Sénégal","https://images.coinafrique.com/thumb_2296024_uploaded_image1_1592332889.jpg"
"1772356235-19","https://sn.coinafrique.com/categorie/autres-animaux?page=6","Oies","130 000CFA","location_onMedina, Dakar, Sénégal","https://images.coinafrique.com/thumb_2281845_uploaded_image1_1592124037.jpg"
"1772356235-20","https://sn.coinafrique.com/categorie/autres-animaux?page=6","Vache","Prix sur demande","location_onDakar, Sénégal","https://images.coinafrique.com/thumb_2276153_uploaded_image1_1592008517.jpg"
"1772356235-21","https://sn.coinafrique.com/categorie/autres-animaux?page=6","Oies","1 000CFA","location_onDakar, Sénégal","https://images.coinafrique.com/thumb_2275120_uploaded_image1_1591990153.jpg"
"1772356235-22","https://sn.coinafrique.com/categorie/autres-animaux?page=6","Taureau Nélore","Prix sur demande","location_onGuediawaye, Dakar, Sénégal","https://images.coinafrique.com/thumb_2251055_uploaded_image1_1591656431.jpg"
"1772356235-23","https://sn.coinafrique.com/categorie/autres-animaux?page=6","Chaton york chocolat","150 000CFA","location_onDakar, Sénégal","https://images.coinafrique.com/thumb_2240976_uploaded_image1_1591487576.jpg"
"1772356235-24","https://sn.coinafrique.com/categorie/autres-animaux?page=6","Boeufs","600 000CFA","location_onBambey, Sénégal","https://images.coinafrique.com/thumb_2239779_uploaded_image1_1591466346.jpg"
"1772356235-25","https://sn.coinafrique.com/categorie/autres-animaux?page=6","Poussins brahman et cochin","Prix sur demande","location_onKeur Massar, Sénégal","https://images.coinafrique.com/thumb_2230369_uploaded_image1_1591316836.jpg"
"1772356235-26","https://sn.coinafrique.com/categorie/autres-animaux?page=6","Boeufs","Prix sur demande","location_onDakar, Sénégal","https://images.coinafrique.com/thumb_2161624_uploaded_image1_1590236359.jpg"
"1772356235-27","https://sn.coinafrique.com/categorie/autres-animaux?page=6","Bœuf élevage","750 000CFA","location_onGuediawaye, Dakar, Sénégal","https://images.coinafrique.com/thumb_2147334_uploaded_image1_1590007941.jpg"
"1772356235-28","https://sn.coinafrique.com/categorie/autres-animaux?page=6","Boeuf","Prix sur demande","location_onFann, Dakar, Sénégal","https://images.coinafrique.com/thumb_2101700_uploaded_image1_1589308300.jpg"
"1772356235-29","https://sn.coinafrique.com/categorie/autres-animaux?page=6","Boeuf","Prix sur demande","location_onSicap Liberté, Dakar, Sénégal","https://images.coinafrique.com/thumb_2088141_uploaded_image1_1589099089.jpg"
"1772356235-30","https://sn.coinafrique.com/categorie/autres-animaux?page=6","Chèvre Race Boer","650 000CFA","location_onPatte d'oie, Dakar, Sénégal","https://images.coinafrique.com/thumb_2061898_uploaded_image1_1588694077.jpg"
"1772356235-31","https://sn.coinafrique.com/categorie/autres-animaux?page=6","Chaton persan blanc","Prix sur demande","location_onFann, Dakar, Sénégal","https://images.coinafrique.com/thumb_2052355_uploaded_image1_1588568181.jpg"
"1772356235-32","https://sn.coinafrique.com/categorie/autres-animaux?page=6","Chaton persan chinchilla","Prix sur demande","location_onFann, Dakar, Sénégal","https://images.coinafrique.com/thumb_2025374_uploaded_image1_1588119661.jpg"
"1772356235-33","https://sn.coinafrique.com/categorie/autres-animaux?page=6","Boeuf","475CFA","location_onDakar Plateau, Dakar, Sénégal","https://images.coinafrique.com/thumb_1998573_uploaded_image1_1587685670.89.jpeg"
"1772356235-34","https://sn.coinafrique.com/categorie/autres-animaux?page=6","Chaton","Prix sur demande","location_onFann, Dakar, Sénégal","https://images.coinafrique.com/thumb_1962491_uploaded_image1_1587134135.76.jpeg"
"1772356235-35","https://sn.coinafrique.com/categorie/autres-animaux?page=6","Bœufs","Prix sur demande","location_onDiourbel, Sénégal","https://images.coinafrique.com/thumb_1954085_uploaded_image1_1587026162.65.jpeg"
"1772356235-36","https://sn.coinafrique.com/categorie/autres-animaux?page=6","Vaches","Prix sur demande","location_onDiourbel, Sénégal","https://images.coinafrique.com/thumb_1935629_uploaded_image1_1586731094.02.png"
"1772356235-37","https://sn.coinafrique.com/categorie/autres-animaux?page=6","Chaton Persan","Prix sur demande","location_onFann, Dakar, Sénégal","https://images.coinafrique.com/thumb_1935403_uploaded_image1_1586726495.69.png"
"1772356235-38","https://sn.coinafrique.com/categorie/autres-animaux?page=6","Perruches","Prix sur demande","location_onFann, Dakar, Sénégal","https://images.coinafrique.com/thumb_1934309_uploaded_image1_1586712626.03.png"
"1772356235-39","https://sn.coinafrique.com/categorie/autres-animaux?page=6","Chat Siamois","Prix sur demande","location_onFann, Dakar, Sénégal","https://images.coinafrique.com/thumb_1899735_uploaded_image1_1586139854.78.png"
"1772356235-40","https://sn.coinafrique.com/categorie/autres-animaux?page=6","Dindon rouge","30 000CFA","location_onMermoz-Sacré-Cœur, Dakar, Sénégal","https://images.coinafrique.com/thumb_1890125_uploaded_image1_1585933665.81.png"
"1772356235-41","https://sn.coinafrique.com/categorie/autres-animaux?page=6","Chat siamois","350 000CFA","location_onDakar, Sénégal","https://images.coinafrique.com/thumb_1825906_uploaded_image2_1584739800.55.png"
"1772356235-42","https://sn.coinafrique.com/categorie/autres-animaux?page=6","Bœuf","600 000CFA","location_onKeur Massar, Sénégal","https://images.coinafrique.com/thumb_1606230_uploaded_image1_1581008311.59.png"
"1772356235-43","https://sn.coinafrique.com/categorie/autres-animaux?page=6","Boeufs","750 000CFA","location_onTambacounda, Sénégal","https://images.coinafrique.com/thumb_1544433_uploaded_image1_1580089804.86.png"
"1772356235-44","https://sn.coinafrique.com/categorie/autres-animaux?page=6","Couple de chèvre","Prix sur demande","location_onDakar, Sénégal","https://images.coinafrique.com/thumb_1521675_uploaded_image1_1579700066.65.png"
"1772356235-45","https://sn.coinafrique.com/categorie/autres-animaux?page=6","Vaches","275 000CFA","location_onRufisque, Sénégal","https://images.coinafrique.com/thumb_1500655_uploaded_image1_1579358078.9.png"
"1772356235-46","https://sn.coinafrique.com/categorie/autres-animaux?page=6","Bœuf","700 000CFA","location_onSaint Louis, Sénégal","https://images.coinafrique.com/thumb_1495773_uploaded_image1_1579276951.77.png"
"1772356235-47","https://sn.coinafrique.com/categorie/autres-animaux?page=6","Dindes - canards et colverts","Prix sur demande","location_onDakar, Sénégal","https://images.coinafrique.com/thumb_1490889_uploaded_image1_1579188174.8.png"
"1772356235-48","https://sn.coinafrique.com/categorie/autres-animaux?page=6","Biscuit en poudre pour betail","4 000CFA","location_onPatte d'oie, Dakar, Sénégal","https://images.coinafrique.com/thumb_1459836_uploaded_image1_1578670978.71.png"
"1772356235-49","https://sn.coinafrique.com/categorie/autres-animaux?page=6","Perruches","Prix sur demande","location_onPoint E, Dakar, Sénégal","https://images.coinafrique.com/thumb_1453837_uploaded_image1_1578583493.67.png"
"1772356235-50","https://sn.coinafrique.com/categorie/autres-animaux?page=6","Perruches","Prix sur demande","location_onPoint E, Dakar, Sénégal","https://images.coinafrique.com/thumb_1453830_uploaded_image1_1578583361.91.png"
"1772356235-51","https://sn.coinafrique.com/categorie/autres-animaux?page=6","Perruches","Prix sur demande","location_onMermoz-Sacré-Cœur, Dakar, Sénégal","https://images.coinafrique.com/thumb_1441558_uploaded_image1_1578406878.24.png"
"1772356235-52","https://sn.coinafrique.com/categorie/autres-animaux?page=6","Oies toulouse","Prix sur demande","location_onFass, Dakar, Sénégal","https://images.coinafrique.com/thumb_1428089_uploaded_image1_1578172839.3.png"
"1772356235-53","https://sn.coinafrique.com/categorie/autres-animaux?page=6","Cheval","400 000CFA","location_onFatick, Sénégal","https://images.coinafrique.com/thumb_1421206_uploaded_image2_1578050744.82.png"
"1772356235-54","https://sn.coinafrique.com/categorie/autres-animaux?page=6","Cheval","400 000CFA","location_onFatick, Sénégal","https://images.coinafrique.com/thumb_1421196_uploaded_image1_1578050637.48.png"
"1772356235-55","https://sn.coinafrique.com/categorie/autres-animaux?page=6","Oies de guinée","Prix sur demande","location_onThies, Sénégal","https://images.coinafrique.com/thumb_1417652_uploaded_image1_1577968881.34.png"
"1772356235-56","https://sn.coinafrique.com/categorie/autres-animaux?page=6","Perruches","Prix sur demande","location_onDakar, Sénégal","https://images.coinafrique.com/thumb_1395711_uploaded_image1_1577438640.7.png"
"1772356235-57","https://sn.coinafrique.com/categorie/autres-animaux?page=6","Perruches","Prix sur demande","location_onMermoz-Sacré-Cœur, Dakar, Sénégal","https://images.coinafrique.com/thumb_1395598_uploaded_image1_1577437294.33.png"
"1772356235-58","https://sn.coinafrique.com/categorie/autres-animaux?page=6","Oiseaux exotiques","20 000CFA","location_onDakar, Sénégal","https://images.coinafrique.com/thumb_1393968_uploaded_image1_1577393598.45.png"
"1772356235-59","https://sn.coinafrique.com/categorie/autres-animaux?page=6","Perruches","Prix sur demande","location_onDakar, Sénégal","https://images.coinafrique.com/thumb_1389654_uploaded_image1_1577304861.89.png"
"1772356235-60","https://sn.coinafrique.com/categorie/autres-animaux?page=6","Cailles","12 000CFA","location_onMermoz-Sacré-Cœur, Dakar, Sénégal","https://images.coinafrique.com/thumb_1376905_uploaded_image1_1577034747.91.png"
"1772356235-61","https://sn.coinafrique.com/categorie/autres-animaux?page=6","Oies","Prix sur demande","location_onFass, Dakar, Sénégal","https://images.coinafrique.com/thumb_1322739_uploaded_image1_1576006817.07.png"
"1772356235-62","https://sn.coinafrique.com/categorie/autres-animaux?page=6","Oies","60 000CFA","location_onFass, Dakar, Sénégal","https://images.coinafrique.com/thumb_1311792_uploaded_image1_1575817543.97.png"
"1772356235-63","https://sn.coinafrique.com/categorie/autres-animaux?page=6","Paon bleu","Prix sur demande","location_onParcelle Assainies, Dakar, Sénégal","https://images.coinafrique.com/thumb_1310387_uploaded_image1_1575790267.47.png"
"1772356235-64","https://sn.coinafrique.com/categorie/autres-animaux?page=6","Bœufs","350 000CFA","location_onSénégal","https://images.coinafrique.com/thumb_1198114_uploaded_image1_1573729988.56.png"
"1772356235-65","https://sn.coinafrique.com/categorie/autres-animaux?page=6","Boeuf","Prix sur demande","location_onDakar, Sénégal","https://images.coinafrique.com/thumb_1129419_uploaded_image1_1572391697.86.png"
"1772356235-66","https://sn.coinafrique.com/categorie/autres-animaux?page=6","Mouton ladoum pure sang","Prix sur demande","location_onSénégal","https://images.coinafrique.com/thumb_1011139_uploaded_image1_1569950027.26.png"
"1772356235-67","https://sn.coinafrique.com/categorie/autres-animaux?page=6","Oies  bourbonaises","50 000CFA","location_onThies, Sénégal","https://images.coinafrique.com/thumb_990474_uploaded_image1_1569491306.15.png"
"1772356235-68","https://sn.coinafrique.com/categorie/autres-animaux?page=6","Caille","1 000CFA","location_onGrand Yoff, Dakar, Sénégal","https://images.coinafrique.com/thumb_931708_uploaded_image1_1568194736.45.png"
"1772356235-69","https://sn.coinafrique.com/categorie/autres-animaux?page=6","Verrat de race Large white","200 000CFA","location_onSénégal","https://images.coinafrique.com/thumb_929881_uploaded_image1_1568141260.81.png"
"1772356235-70","https://sn.coinafrique.com/categorie/autres-animaux?page=6","Chèvre Balami","200 000CFA","location_onSaint Louis, Sénégal","https://images.coinafrique.com/thumb_917895_uploaded_image1_1567801722.96.png"
"1772356235-71","https://sn.coinafrique.com/categorie/autres-animaux?page=6","Bœuf","400 000CFA","location_onGuediawaye, Dakar, Sénégal","https://images.coinafrique.com/thumb_885779_uploaded_image2_1566997623.56.png"
"1772356235-72","https://sn.coinafrique.com/categorie/autres-animaux?page=6","Poisson d'aquarium","35 000CFA","location_onSénégal","https://images.coinafrique.com/thumb_863425_uploaded_image1_1566425287.55.png"
"1772356235-73","https://sn.coinafrique.com/categorie/autres-animaux?page=6","Perruches","Prix sur demande","location_onSénégal","https://images.coinafrique.com/thumb_845280_uploaded_image1_1565952077.54.png"
"1772356235-74","https://sn.coinafrique.com/categorie/autres-animaux?page=6","Carpe Koï Japonaise ( Aquarium)","50 000CFA","location_onDakar-Plateau, Dakar, Sénégal","https://images.coinafrique.com/thumb_827220_uploaded_image1_1565349629.12.png"
"1772356235-75","https://sn.coinafrique.com/categorie/autres-animaux?page=6","Perruches","Prix sur demande","location_onPoint E, Dakar, Sénégal","https://images.coinafrique.com/thumb_751123_uploaded_image1_1563297186.25.png"
"1772356239-76","https://sn.coinafrique.com/categorie/autres-animaux?page=5","Perruches","Prix sur demande","location_onGuediawaye, Dakar, Sénégal","https://images.coinafrique.com/thumb_3395087_uploaded_image3_1634734337.jpeg"
"1772356239-77","https://sn.coinafrique.com/categorie/autres-animaux?page=5","Trio de paon bleu","450 000CFA","location_onMbao, Dakar, Sénégal","https://images.coinafrique.com/thumb_3389732_uploaded_image1_1634436997.jpg"
"1772356239-78","https://sn.coinafrique.com/categorie/autres-animaux?page=5","Paon bleu adulte","300 000CFA","location_onKeur Massar, Sénégal","https://images.coinafrique.com/thumb_3372722_uploaded_image1_1633568000.jpg"
"1772356239-79","https://sn.coinafrique.com/categorie/autres-animaux?page=5","Cailles","1 500CFA","location_onMermoz-Sacré Coeur, Dakar, Sénégal","https://images.coinafrique.com/thumb_3371486_uploaded_image1_1633522085.jpg"
"1772356239-80","https://sn.coinafrique.com/categorie/autres-animaux?page=5","Bœuf","500 000CFA","location_onDakar, Sénégal","https://images.coinafrique.com/thumb_3369906_uploaded_image1_1633454163.jpg"
"1772356239-81","https://sn.coinafrique.com/categorie/autres-animaux?page=5","Couple hermine","20 000CFA","location_onDakar, Sénégal","https://images.coinafrique.com/thumb_3369362_uploaded_image1_1633438173.jpg"
"1772356239-82","https://sn.coinafrique.com/categorie/autres-animaux?page=5","Caille","2 000CFA","location_onMermoz-Sacré Coeur, Dakar, Sénégal","https://images.coinafrique.com/thumb_3360468_uploaded_image1_1633037043.jpg"
"1772356239-83","https://sn.coinafrique.com/categorie/autres-animaux?page=5","Autruchon","300 000CFA","location_onGuediawaye, Dakar, Sénégal","https://images.coinafrique.com/thumb_3357168_uploaded_image1_1632871377.jpg"
"1772356239-84","https://sn.coinafrique.com/categorie/autres-animaux?page=5","Veaux","250 000CFA","location_onDieuppeul-Derklé, Dakar, Sénégal","https://images.coinafrique.com/thumb_3350491_uploaded_image1_1632436028.jpg"
"1772356239-85","https://sn.coinafrique.com/categorie/autres-animaux?page=5","Taureaux Holstein","2 500 000CFA","location_onDakar, Sénégal","https://images.coinafrique.com/thumb_3348822_uploaded_image1_1632352988.jpg"
"1772356239-86","https://sn.coinafrique.com/categorie/autres-animaux?page=5","Géniteur Holstein","2 200 000CFA","location_onDakar, Sénégal","https://images.coinafrique.com/thumb_3348819_uploaded_image1_1632352628.jpg"
"1772356239-87","https://sn.coinafrique.com/categorie/autres-animaux?page=5","Carpe Koï","100 000CFA","location_onDakar Plateau, Dakar, Sénégal","https://images.coinafrique.com/thumb_3345713_uploaded_image1_1632222841.jpg"
"1772356239-88","https://sn.coinafrique.com/categorie/autres-animaux?page=5","Chaton","40 000CFA","location_onAlmadies, Dakar, Sénégal","https://images.coinafrique.com/thumb_3341213_uploaded_image1_1631968364.jpg"
"1772356239-89","https://sn.coinafrique.com/categorie/autres-animaux?page=5","Perruches","Prix sur demande","location_onGuediawaye, Dakar, Sénégal","https://images.coinafrique.com/thumb_3336754_uploaded_image1_1631736919.jpg"
"1772356239-90","https://sn.coinafrique.com/categorie/autres-animaux?page=5","Veaux","250 000CFA","location_onDieuppeul-Derklé, Dakar, Sénégal","https://images.coinafrique.com/thumb_3335012_uploaded_image1_1631654129.jpg"
"1772356239-91","https://sn.coinafrique.com/categorie/autres-animaux?page=5","Bœuf","1 200 000CFA","location_onGuediawaye, Dakar, Sénégal","https://images.coinafrique.com/thumb_3330908_uploaded_image1_1631459213.jpg"
"1772356239-92","https://sn.coinafrique.com/categorie/autres-animaux?page=5","Perruche","24 000CFA","location_onHann Bel-Air, Dakar, Sénégal","https://images.coinafrique.com/thumb_3321530_uploaded_image1_1631021949.jpg"
"1772356239-93","https://sn.coinafrique.com/categorie/autres-animaux?page=5","Cailleteaux","400CFA","location_onParcelle Assainies, Dakar, Sénégal","https://images.coinafrique.com/thumb_3319946_uploaded_image1_1630948417.jpg"
"1772356239-94","https://sn.coinafrique.com/categorie/autres-animaux?page=5","Caille","2 500CFA","location_onParcelle Assainies, Dakar, Sénégal","https://images.coinafrique.com/thumb_3319937_uploaded_image1_1630948254.jpg"
"1772356239-95","https://sn.coinafrique.com/categorie/autres-animaux?page=5","Veaux","Prix sur demande","location_onDieuppeul-Derklé, Dakar, Sénégal","https://images.coinafrique.com/thumb_3318063_uploaded_image1_1630865928.jpg"
"1772356239-96","https://sn.coinafrique.com/categorie/autres-animaux?page=5","Oie guinéen","100 000CFA","location_onDakar, Sénégal","https://images.coinafrique.com/thumb_3316816_uploaded_image1_1630785391.jpg"
"1772356239-97","https://sn.coinafrique.com/categorie/autres-animaux?page=5","Oie gardien","90 000CFA","location_onDakar, Sénégal","https://images.coinafrique.com/thumb_3316810_uploaded_image1_1630785291.jpg"
"1772356239-98","https://sn.coinafrique.com/categorie/autres-animaux?page=5","Chèvre mâle","Prix sur demande","location_onMermoz-Sacré Coeur, Dakar, Sénégal","https://images.coinafrique.com/thumb_3315646_uploaded_image1_1630745395.jpg"
"1772356239-99","https://sn.coinafrique.com/categorie/autres-animaux?page=5","Vache","600 000CFA","location_onNiaga, Sénégal","https://images.coinafrique.com/thumb_3287171_uploaded_image1_1629317948.jpg"
"1772356239-100","https://sn.coinafrique.com/categorie/autres-animaux?page=5","Vache","600 000CFA","location_onNiaga, Sénégal","https://images.coinafrique.com/thumb_3287170_uploaded_image1_1629317800.jpg"
"1772356239-101","https://sn.coinafrique.com/categorie/autres-animaux?page=5","Oies adultes","130 000CFA","location_onGuediawaye, Dakar, Sénégal","https://images.coinafrique.com/thumb_3273490_uploaded_image1_1628621055.jpg"
"1772356239-102","https://sn.coinafrique.com/categorie/autres-animaux?page=5","Taureau","450 000CFA","location_onParcelle Assainies, Dakar, Sénégal","https://images.coinafrique.com/thumb_3271377_uploaded_image1_1628524523.jpg"
"1772356239-103","https://sn.coinafrique.com/categorie/autres-animaux?page=5","Taureau","740 000CFA","location_onDieuppeul-Derklé, Dakar, Sénégal","https://images.coinafrique.com/thumb_3269989_uploaded_image1_1628451897.jpg"
"1772356239-104","https://sn.coinafrique.com/categorie/autres-animaux?page=5","Taureau","740 000CFA","location_onDieuppeul-Derklé, Dakar, Sénégal","https://images.coinafrique.com/thumb_3263210_uploaded_image1_1628122860.jpg"
"1772356239-105","https://sn.coinafrique.com/categorie/autres-animaux?page=5","Poisson aquarium","12 000CFA","location_onDakar Plateau, Dakar, Sénégal","https://images.coinafrique.com/thumb_3256827_uploaded_image1_1627902901.jpg"
"1772356239-106","https://sn.coinafrique.com/categorie/autres-animaux?page=5","Chaton","Prix sur demande","location_onMermoz-Sacré Coeur, Dakar, Sénégal","https://images.coinafrique.com/thumb_3254310_uploaded_image1_1627784670.jpg"
"1772356239-107","https://sn.coinafrique.com/categorie/autres-animaux?page=5","Bœufs","740 000CFA","location_onDieuppeul-Derklé, Dakar, Sénégal","https://images.coinafrique.com/thumb_3253864_uploaded_image1_1627751756.jpg"
"1772356239-108","https://sn.coinafrique.com/categorie/autres-animaux?page=5","Perruche ondulée","15 000CFA","location_onPoint E, Dakar, Sénégal","https://images.coinafrique.com/thumb_3243586_uploaded_image1_1627157324.jpg"
"1772356239-109","https://sn.coinafrique.com/categorie/autres-animaux?page=5","Bœufs","Prix sur demande","location_onDieuppeul-Derklé, Dakar, Sénégal","https://images.coinafrique.com/thumb_3240329_uploaded_image1_1626964752.jpg"
"1772356239-110","https://sn.coinafrique.com/categorie/autres-animaux?page=5","Chatons 2 et 3 mois","Prix sur demande","location_onGrand Dakar, Dakar, Sénégal","https://images.coinafrique.com/thumb_3222114_uploaded_image1_1626003610.jpg"
"1772356239-111","https://sn.coinafrique.com/categorie/autres-animaux?page=5","Perruches ondulées","20 000CFA","location_onPoint E, Dakar, Sénégal","https://images.coinafrique.com/thumb_3215371_uploaded_image1_1625676061.jpg"
"1772356239-112","https://sn.coinafrique.com/categorie/autres-animaux?page=5","Oies","60 000CFA","location_onDakar, Sénégal","https://images.coinafrique.com/thumb_3172011_uploaded_image1_1623695650.jpg"
"1772356239-113","https://sn.coinafrique.com/categorie/autres-animaux?page=5","Oies","60 000CFA","location_onDakar, Sénégal","https://images.coinafrique.com/thumb_3172006_uploaded_image1_1623695521.jpg"
"1772356239-114","https://sn.coinafrique.com/categorie/autres-animaux?page=5","Cheval","450 000CFA","location_onPikine, Sénégal","https://images.coinafrique.com/thumb_3169679_uploaded_image1_1623583685.jpg"
"1772356239-115","https://sn.coinafrique.com/categorie/autres-animaux?page=5","Cailles","Prix sur demande","location_onTouba, Sénégal","https://images.coinafrique.com/thumb_3169648_uploaded_image3_1623581190.jpeg"
"1772356239-116","https://sn.coinafrique.com/categorie/autres-animaux?page=5","Couple dinde","Prix sur demande","location_onTouba, Sénégal","https://images.coinafrique.com/thumb_3169645_uploaded_image2_1623581040.jpeg"
"1772356239-117","https://sn.coinafrique.com/categorie/autres-animaux?page=5","Dinde","Prix sur demande","location_onTouba, Sénégal","https://images.coinafrique.com/thumb_3165522_uploaded_image1_1623360382.jpg"
"1772356239-118","https://sn.coinafrique.com/categorie/autres-animaux?page=5","Paonneau","Prix sur demande","location_onMbao, Dakar, Sénégal","https://images.coinafrique.com/thumb_3164991_uploaded_image1_1623339895.jpg"
"1772356239-119","https://sn.coinafrique.com/categorie/autres-animaux?page=5","Rat","Prix sur demande","location_onAlmadies, Dakar, Sénégal","https://images.coinafrique.com/thumb_3156125_uploaded_image1_1622977662.jpg"
"1772356239-120","https://sn.coinafrique.com/categorie/autres-animaux?page=5","Poisson vivant","Prix sur demande","location_onYoff, Dakar, Sénégal","https://images.coinafrique.com/thumb_3140939_uploaded_image1_1622373784.jpg"
"1772356239-121","https://sn.coinafrique.com/categorie/autres-animaux?page=5","Boeuf","800 000CFA","location_onBambey, Sénégal","https://images.coinafrique.com/thumb_3140204_uploaded_image1_1622308324.jpg"
"1772356239-122","https://sn.coinafrique.com/categorie/autres-animaux?page=5","Oie géant","85 000CFA","location_onMbour, Sénégal","https://images.coinafrique.com/thumb_3133835_uploaded_image1_1621994387.jpg"
"1772356239-123","https://sn.coinafrique.com/categorie/autres-animaux?page=5","Couple colvert","30 000CFA","location_onDakar, Sénégal","https://images.coinafrique.com/thumb_3127244_uploaded_image1_1621622446.jpg"
"1772356239-124","https://sn.coinafrique.com/categorie/autres-animaux?page=5","Oiseaux exotiques","Prix sur demande","location_onDakar, Sénégal","https://images.coinafrique.com/thumb_3119376_uploaded_image1_1621259652.jpg"
"1772356239-125","https://sn.coinafrique.com/categorie/autres-animaux?page=5","Couple perruches ondulées","100 000CFA","location_onMermoz-Sacré Coeur, Dakar, Sénégal","https://images.coinafrique.com/thumb_3116528_uploaded_image1_1621091686.jpg"
"1772356239-126","https://sn.coinafrique.com/categorie/autres-animaux?page=5","Vache","300 000CFA","location_onHLM, Dakar, Sénégal","https://images.coinafrique.com/thumb_3095614_uploaded_image1_1620093462.jpg"
"1772356239-127","https://sn.coinafrique.com/categorie/autres-animaux?page=5","Trio dindes d’amérique","65 000CFA","location_onMbao, Dakar, Sénégal","https://images.coinafrique.com/thumb_3092550_uploaded_image1_1619979240.jpg"
"1772356239-128","https://sn.coinafrique.com/categorie/autres-animaux?page=5","Couple perruche arc en ciel","40 000CFA","location_onMermoz-Sacré Coeur, Dakar, Sénégal","https://images.coinafrique.com/thumb_3092218_uploaded_image1_1619966133.jpg"
"1772356239-129","https://sn.coinafrique.com/categorie/autres-animaux?page=5","Taureau - géniteur laitier","2 000 000CFA","location_onSicap Liberté, Dakar, Sénégal","https://images.coinafrique.com/thumb_3087054_uploaded_image1_1619718794.jpg"
"1772356239-130","https://sn.coinafrique.com/categorie/autres-animaux?page=5","Chaton","Prix sur demande","location_onAlmadies, Dakar, Sénégal","https://images.coinafrique.com/thumb_3054622_uploaded_image1_1618231466.jpg"
"1772356239-131","https://sn.coinafrique.com/categorie/autres-animaux?page=5","Cheval","650 000CFA","location_onDakar, Sénégal","https://images.coinafrique.com/thumb_3053064_uploaded_image1_1618156860.jpg"
"1772356239-132","https://sn.coinafrique.com/categorie/autres-animaux?page=5","Taureau géniteur laitier","2 000 000CFA","location_onSicap Liberté, Dakar, Sénégal","https://images.coinafrique.com/thumb_3039728_uploaded_image1_1617557251.jpg"
"1772356239-133","https://sn.coinafrique.com/categorie/autres-animaux?page=5","Oisillons","25 000CFA","location_onDakar, Sénégal","https://images.coinafrique.com/thumb_3026572_uploaded_image1_1617014695.jpg"
"1772356239-134","https://sn.coinafrique.com/categorie/autres-animaux?page=5","Oie adulte","80 000CFA","location_onDakar, Sénégal","https://images.coinafrique.com/thumb_3025291_uploaded_image1_1616933629.jpg"
"1772356239-135","https://sn.coinafrique.com/categorie/autres-animaux?page=5","Cheval","800 000CFA","location_onDakar, Sénégal","https://images.coinafrique.com/thumb_3012715_uploaded_image1_1616282777.jpg"
"1772356239-136","https://sn.coinafrique.com/categorie/autres-animaux?page=5","Bœuf","425 000CFA","location_onGuediawaye, Dakar, Sénégal","https://images.coinafrique.com/thumb_3012014_uploaded_image1_1616250290.jpg"
"1772356239-137","https://sn.coinafrique.com/categorie/autres-animaux?page=5","Laor noir","35 000CFA","location_onMbour, Sénégal","https://images.coinafrique.com/thumb_3005811_uploaded_image1_1615937465.jpg"
"1772356239-138","https://sn.coinafrique.com/categorie/autres-animaux?page=5","Porc","2 500CFA","location_onDakar, Sénégal","https://images.coinafrique.com/thumb_3004606_uploaded_image1_1615897391.jpg"
"1772356239-139","https://sn.coinafrique.com/categorie/autres-animaux?page=5","Bœuf","Prix sur demande","location_onDakar, Sénégal","https://images.coinafrique.com/thumb_2968890_uploaded_image1_1614172978.jpg"
"1772356239-140","https://sn.coinafrique.com/categorie/autres-animaux?page=5","Chaton Angora turque","160 000CFA","location_onGrand Dakar, Dakar, Sénégal","https://images.coinafrique.com/thumb_2966724_uploaded_image1_1614082274.jpg"
"1772356239-141","https://sn.coinafrique.com/categorie/autres-animaux?page=5","Couple oie de toulouse adulte","85 000CFA","location_onMbour, Sénégal","https://images.coinafrique.com/thumb_2936871_uploaded_image1_1612659734.jpg"
"1772356239-142","https://sn.coinafrique.com/categorie/autres-animaux?page=5","Perroquet Sénégal avec cage","35 000CFA","location_onNgor, Dakar, Sénégal","https://images.coinafrique.com/thumb_2930350_uploaded_image1_1612388040.jpg"
"1772356239-143","https://sn.coinafrique.com/categorie/autres-animaux?page=5","Jument arabe","1 500 000CFA","location_onKébémer, Sénégal","https://images.coinafrique.com/thumb_2924412_uploaded_image1_1612197584.jpg"
"1772356239-144","https://sn.coinafrique.com/categorie/autres-animaux?page=5","Perruches - inséparables","12 500CFA","location_onParcelle Assainies, Dakar, Sénégal","https://images.coinafrique.com/thumb_2896567_uploaded_image1_1610914575.jpg"
"1772356239-145","https://sn.coinafrique.com/categorie/autres-animaux?page=5","Dinde rouge","70 000CFA","location_onLouga, Sénégal","https://images.coinafrique.com/thumb_2888081_uploaded_image1_1610544422.jpg"
"1772356239-146","https://sn.coinafrique.com/categorie/autres-animaux?page=5","Chaton noir blanc","Prix sur demande","location_onMamelles, Dakar, Sénégal","https://images.coinafrique.com/thumb_2886750_uploaded_image1_1610486302.jpg"
"1772356239-147","https://sn.coinafrique.com/categorie/autres-animaux?page=5","Bouc race laitière","Prix sur demande","location_onSaly, Sénégal","https://images.coinafrique.com/thumb_2881915_uploaded_image1_1610303521.jpg"
"1772356239-148","https://sn.coinafrique.com/categorie/autres-animaux?page=5","Canard Colvert","50 000CFA","location_onThies, Sénégal","https://images.coinafrique.com/thumb_2876451_uploaded_image1_1610052488.jpg"
"1772356239-149","https://sn.coinafrique.com/categorie/autres-animaux?page=5","Chatons","Prix sur demande","location_onGrand Dakar, Dakar, Sénégal","https://images.coinafrique.com/thumb_2860327_uploaded_image1_1609342553.jpg"
"1772356239-150","https://sn.coinafrique.com/categorie/autres-animaux?page=5","Veau","250 000CFA","location_onHLM, Dakar, Sénégal","https://images.coinafrique.com/thumb_2856538_uploaded_image1_1609162542.jpg"
"1772356239-151","https://sn.coinafrique.com/categorie/autres-animaux?page=5","Vache","550 000CFA","location_onBambey, Sénégal","https://images.coinafrique.com/thumb_2846588_uploaded_image1_1608636321.jpg"
"1772356239-152","https://sn.coinafrique.com/categorie/autres-animaux?page=5","Chaton Angora Turc","100 000CFA","location_onDakar, Sénégal","https://images.coinafrique.com/thumb_2826620_uploaded_image1_1607777038.jpg"
"1772356239-153","https://sn.coinafrique.com/categorie/autres-animaux?page=5","Dinde d'amérique","Prix sur demande","location_onGuediawaye, Dakar, Sénégal","https://images.coinafrique.com/thumb_2735977_uploaded_image1_1604436594.jpg"
"1772356239-154","https://sn.coinafrique.com/categorie/autres-animaux?page=5","Vache","300 000CFA","location_onLouga, Sénégal","https://images.coinafrique.com/thumb_2709747_uploaded_image1_1603289227.jpg"
"1772356239-155","https://sn.coinafrique.com/categorie/autres-animaux?page=5","Canard","35 000CFA","location_onMamelles, Dakar, Sénégal","https://images.coinafrique.com/thumb_2703622_uploaded_image1_1603049550.jpg"
"1772356239-156","https://sn.coinafrique.com/categorie/autres-animaux?page=5","Olpliitone 20 jours","15 000CFA","location_onDakar, Sénégal","https://images.coinafrique.com/thumb_2701057_uploaded_image1_1602937383.jpg"
"1772356239-157","https://sn.coinafrique.com/categorie/autres-animaux?page=5","Âne Arabe","850 000CFA","location_onKébémer, Sénégal","https://images.coinafrique.com/thumb_2697117_uploaded_image1_1602773283.jpg"
"1772356239-158","https://sn.coinafrique.com/categorie/autres-animaux?page=5","Bœufs","250 000CFA","location_onLouga, Sénégal","https://images.coinafrique.com/thumb_2694722_uploaded_image1_1602689183.jpg"
"1772356239-159","https://sn.coinafrique.com/categorie/autres-animaux?page=5","Bœufs","350 000CFA","location_onLouga, Sénégal","https://images.coinafrique.com/thumb_2694720_uploaded_image1_1602689075.jpg"
"1772356244-160","https://sn.coinafrique.com/categorie/autres-animaux?page=4","Cheval","450 000CFA","location_onThies, Sénégal","https://images.coinafrique.com/thumb_4029054_uploaded_image1_1672496527.jpg"
"1772356244-161","https://sn.coinafrique.com/categorie/autres-animaux?page=4","Jument","550 000CFA","location_onThies, Sénégal","https://images.coinafrique.com/thumb_4029052_uploaded_image1_1672496436.jpg"
"1772356244-162","https://sn.coinafrique.com/categorie/autres-animaux?page=4","Vache","475CFA","location_onNiaga, Sénégal","https://images.coinafrique.com/thumb_4015081_uploaded_image1_1671456683.jpg"
"1772356244-163","https://sn.coinafrique.com/categorie/autres-animaux?page=4","Perroquets Roseicollis","50 000CFA","location_onPoint E, Dakar, Sénégal","https://images.coinafrique.com/thumb_4006084_uploaded_image1_1670879833.jpg"
"1772356244-164","https://sn.coinafrique.com/categorie/autres-animaux?page=4","Chaton Persan","400 000CFA","location_onFann, Dakar, Sénégal","https://images.coinafrique.com/thumb_4004300_uploaded_image1_1670782309.jpg"
"1772356244-165","https://sn.coinafrique.com/categorie/autres-animaux?page=4","Chat persan hymalayen","350 000CFA","location_onNgor, Dakar, Sénégal","https://images.coinafrique.com/thumb_4002094_uploaded_image1_1670612752.jpg"
"1772356244-166","https://sn.coinafrique.com/categorie/autres-animaux?page=4","Bœufs","600 000CFA","location_onBambey, Sénégal","https://images.coinafrique.com/thumb_4001249_uploaded_image1_1670577657.jpg"
"1772356244-167","https://sn.coinafrique.com/categorie/autres-animaux?page=4","Bœufs","600 000CFA","location_onBambey, Sénégal","https://images.coinafrique.com/thumb_3991901_uploaded_image1_1670076562.jpg"
"1772356244-168","https://sn.coinafrique.com/categorie/autres-animaux?page=4","Chèvre","50 000CFA","location_onDakar, Sénégal","https://images.coinafrique.com/thumb_3985611_uploaded_image1_1669761997.jpg"
"1772356244-169","https://sn.coinafrique.com/categorie/autres-animaux?page=4","Perruches ondulées","12 000CFA","location_onGuediawaye, Dakar, Sénégal","https://images.coinafrique.com/thumb_3968286_uploaded_image1_1668632770.jpg"
"1772356244-170","https://sn.coinafrique.com/categorie/autres-animaux?page=4","Paon","450 000CFA","location_onTouba, Sénégal","https://images.coinafrique.com/thumb_3956247_uploaded_image2_1667916424.jpeg"
"1772356244-171","https://sn.coinafrique.com/categorie/autres-animaux?page=4","Dinde","35 000CFA","location_onTouba, Sénégal","https://images.coinafrique.com/thumb_3956243_uploaded_image1_1667916312.jpg"
"1772356244-172","https://sn.coinafrique.com/categorie/autres-animaux?page=4","Poissons aquarium","7 500CFA","location_onDakar Plateau, Dakar, Sénégal","https://images.coinafrique.com/thumb_3922652_uploaded_image1_1665918281.jpg"
"1772356244-173","https://sn.coinafrique.com/categorie/autres-animaux?page=4","Anes","500 000CFA","location_onMbour, Sénégal","https://images.coinafrique.com/thumb_3916725_uploaded_image1_1665569939.jpg"
"1772356244-174","https://sn.coinafrique.com/categorie/autres-animaux?page=4","Bœuf","700 000CFA","location_onMbour, Sénégal","https://images.coinafrique.com/thumb_3916720_uploaded_image1_1665569801.jpg"
"1772356244-175","https://sn.coinafrique.com/categorie/autres-animaux?page=4","Paons bleus","400 000CFA","location_onMbour, Sénégal","https://images.coinafrique.com/thumb_3916692_uploaded_image1_1665568760.jpg"
"1772356244-176","https://sn.coinafrique.com/categorie/autres-animaux?page=4","Chaton Scottish Fold","Prix sur demande","location_onFann-Point E-Amitié, Dakar, Sénégal","https://images.coinafrique.com/thumb_3915043_uploaded_image1_1665477189.jpg"
"1772356244-177","https://sn.coinafrique.com/categorie/autres-animaux?page=4","Cailles","2 500CFA","location_onZiguinchor, Sénégal","https://images.coinafrique.com/thumb_3905361_uploaded_image1_1664880986.jpg"
"1772356244-178","https://sn.coinafrique.com/categorie/autres-animaux?page=4","Paon","50 000CFA","location_onYoff, Dakar, Sénégal","https://images.coinafrique.com/thumb_3901686_uploaded_image1_1664658095.jpg"
"1772356244-179","https://sn.coinafrique.com/categorie/autres-animaux?page=4","Œufs","9 000CFA","location_onKeur Massar, Sénégal","https://images.coinafrique.com/thumb_3862604_uploaded_image1_1662310160.jpg"
"1772356244-180","https://sn.coinafrique.com/categorie/autres-animaux?page=4","Cobaye mâle","16 000CFA","location_onThies, Sénégal","https://images.coinafrique.com/thumb_3868453_uploaded_image1_1662603701.jpg"
"1772356244-181","https://sn.coinafrique.com/categorie/autres-animaux?page=4","Vache","65 000CFA","location_onBiscuiterie, Dakar, Sénégal","https://images.coinafrique.com/thumb_3850590_uploaded_image1_1661716395.jpg"
"1772356244-182","https://sn.coinafrique.com/categorie/autres-animaux?page=4","Bœuf","Prix sur demande","location_onNiaga, Sénégal","https://images.coinafrique.com/thumb_3819174_uploaded_image1_1659877769.jpg"
"1772356244-183","https://sn.coinafrique.com/categorie/autres-animaux?page=4","Bœuf","750 000CFA","location_onNiaga, Sénégal","https://images.coinafrique.com/thumb_3817866_uploaded_image1_1659784836.jpg"
"1772356244-184","https://sn.coinafrique.com/categorie/autres-animaux?page=4","Hamster dorée","15 000CFA","location_onSacré-Coeur, Dakar, Sénégal","https://images.coinafrique.com/thumb_3814562_uploaded_image1_1659613355.jpg"
"1772356244-185","https://sn.coinafrique.com/categorie/autres-animaux?page=4","Vache","1 000 000CFA","location_onBambey, Sénégal","https://images.coinafrique.com/thumb_3804681_uploaded_image1_1659094431.jpg"
"1772356244-186","https://sn.coinafrique.com/categorie/autres-animaux?page=4","Peruche ondulée","10 000CFA","location_onDakar Plateau, Dakar, Sénégal","https://images.coinafrique.com/thumb_3803986_uploaded_image1_1659036881.jpg"
"1772356244-187","https://sn.coinafrique.com/categorie/autres-animaux?page=4","Vache","Prix sur demande","location_onNiaga, Sénégal","https://images.coinafrique.com/thumb_3798116_uploaded_image1_1658707333.jpg"
"1772356244-188","https://sn.coinafrique.com/categorie/autres-animaux?page=4","Cailles","Prix sur demande","location_onKeur Massar, Sénégal","https://images.coinafrique.com/thumb_3797181_uploaded_image1_1658618385.jpg"
"1772356244-189","https://sn.coinafrique.com/categorie/autres-animaux?page=4","Veau","300 000CFA","location_onBiscuiterie, Dakar, Sénégal","https://images.coinafrique.com/thumb_3784229_uploaded_image1_1657796861.jpg"
"1772356244-190","https://sn.coinafrique.com/categorie/autres-animaux?page=4","Hamster","15 000CFA","location_onSacré-Coeur, Dakar, Sénégal","https://images.coinafrique.com/thumb_3780966_uploaded_image1_1657566627.jpg"
"1772356244-191","https://sn.coinafrique.com/categorie/autres-animaux?page=4","Couple Hamster","45 000CFA","location_onDakar, Sénégal","https://images.coinafrique.com/thumb_3779809_uploaded_image1_1657474571.jpg"
"1772356244-192","https://sn.coinafrique.com/categorie/autres-animaux?page=4","Veaux","200 000CFA","location_onDiamniadio, Sénégal","https://images.coinafrique.com/thumb_3775233_uploaded_image1_1657130525.jpg"
"1772356244-193","https://sn.coinafrique.com/categorie/autres-animaux?page=4","Oiseaux exotiques","Prix sur demande","location_onDakar, Sénégal","https://images.coinafrique.com/thumb_3773129_uploaded_image1_1657027947.jpg"
"1772356244-194","https://sn.coinafrique.com/categorie/autres-animaux?page=4","Paire Oie","130 000CFA","location_onGuediawaye, Dakar, Sénégal","https://images.coinafrique.com/thumb_3763969_uploaded_image1_1656542478.jpg"
"1772356244-195","https://sn.coinafrique.com/categorie/autres-animaux?page=4","Canard","Prix sur demande","location_onDiamniadio, Sénégal","https://images.coinafrique.com/thumb_3761752_uploaded_image1_1656414791.jpg"
"1772356244-196","https://sn.coinafrique.com/categorie/autres-animaux?page=4","Sacs de foin - Ngogne","5 000CFA","location_onSaint Louis, Sénégal","https://images.coinafrique.com/thumb_3747916_uploaded_image1_1655548507.jpg"
"1772356244-197","https://sn.coinafrique.com/categorie/autres-animaux?page=4","Couple cochons d'inde","25 000CFA","location_onSacré-Coeur, Dakar, Sénégal","https://images.coinafrique.com/thumb_3738425_uploaded_image1_1655026461.jpg"
"1772356244-198","https://sn.coinafrique.com/categorie/autres-animaux?page=4","Vache","Prix sur demande","location_onNiaga, Sénégal","https://images.coinafrique.com/thumb_3734952_uploaded_image1_1654795966.jpg"
"1772356244-199","https://sn.coinafrique.com/categorie/autres-animaux?page=4","Oie","65 000CFA","location_onNiaga, Sénégal","https://images.coinafrique.com/thumb_3719072_uploaded_image1_1654007070.jpg"
"1772356244-200","https://sn.coinafrique.com/categorie/autres-animaux?page=4","Perruches ondulées","12 000CFA","location_onGuediawaye, Dakar, Sénégal","https://images.coinafrique.com/thumb_3693176_uploaded_image1_1652374886.jpg"
"1772356244-201","https://sn.coinafrique.com/categorie/autres-animaux?page=4","Boeuf","Prix sur demande","location_onNiaga, Sénégal","https://images.coinafrique.com/thumb_3691179_uploaded_image1_1652274956.jpg"
"1772356244-202","https://sn.coinafrique.com/categorie/autres-animaux?page=4","Hamster","15 000CFA","location_onMbao, Dakar, Sénégal","https://images.coinafrique.com/thumb_3689324_uploaded_image1_1652181532.jpg"
"1772356244-203","https://sn.coinafrique.com/categorie/autres-animaux?page=4","Paire colverts de Rouen","15 000CFA","location_onMboro, Sénégal","https://images.coinafrique.com/thumb_3686752_uploaded_image1_1652029317.jpg"
"1772356244-204","https://sn.coinafrique.com/categorie/autres-animaux?page=4","Chaton Angora","160 000CFA","location_onFann, Dakar, Sénégal","https://images.coinafrique.com/thumb_3681874_uploaded_image1_1651750026.jpg"
"1772356244-205","https://sn.coinafrique.com/categorie/autres-animaux?page=4","Caille","2 000CFA","location_onSicap foire, Dakar, Sénégal","https://images.coinafrique.com/thumb_3679001_uploaded_image1_1651592167.jpg"
"1772356244-206","https://sn.coinafrique.com/categorie/autres-animaux?page=4","Perroquet grand Haras","Prix sur demande","location_onYoff, Dakar, Sénégal","https://images.coinafrique.com/thumb_3672216_uploaded_image2_1651097217.jpeg"
"1772356244-207","https://sn.coinafrique.com/categorie/autres-animaux?page=4","Chaton siamois","375 000CFA","location_onFann, Dakar, Sénégal","https://images.coinafrique.com/thumb_3671821_uploaded_image1_1651072649.jpg"
"1772356244-208","https://sn.coinafrique.com/categorie/autres-animaux?page=4","Boeufs","900 000CFA","location_onNiaga, Sénégal","https://images.coinafrique.com/thumb_3651241_uploaded_image1_1649808275.jpg"
"1772356244-209","https://sn.coinafrique.com/categorie/autres-animaux?page=4","Oie géant","450 000CFA","location_onMbour, Sénégal","https://images.coinafrique.com/thumb_3646953_uploaded_image1_1649560934.jpg"
"1772356244-210","https://sn.coinafrique.com/categorie/autres-animaux?page=4","Boeuf","Prix sur demande","location_onNiaga, Sénégal","https://images.coinafrique.com/thumb_3645463_uploaded_image1_1649458129.jpg"
"1772356244-211","https://sn.coinafrique.com/categorie/autres-animaux?page=4","Boeuf","Prix sur demande","location_onNiaga, Sénégal","https://images.coinafrique.com/thumb_3645462_uploaded_image1_1649458078.jpg"
"1772356244-212","https://sn.coinafrique.com/categorie/autres-animaux?page=4","Chaton Angora","130 000CFA","location_onFann, Dakar, Sénégal","https://images.coinafrique.com/thumb_3634435_uploaded_image1_1648913898.jpg"
"1772356244-213","https://sn.coinafrique.com/categorie/autres-animaux?page=4","Hamster","15 000CFA","location_onMbao, Dakar, Sénégal","https://images.coinafrique.com/thumb_3615764_uploaded_image1_1647715657.jpg"
"1772356244-214","https://sn.coinafrique.com/categorie/autres-animaux?page=4","Cochons","15 000CFA","location_onMbour, Sénégal","https://images.coinafrique.com/thumb_3614166_uploaded_image1_1647608880.jpg"
"1772356244-215","https://sn.coinafrique.com/categorie/autres-animaux?page=4","Taurillon laitier","1 000 000CFA","location_onSicap Liberté, Dakar, Sénégal","https://images.coinafrique.com/thumb_3613432_uploaded_image1_1647552342.jpg"
"1772356244-216","https://sn.coinafrique.com/categorie/autres-animaux?page=4","Chatons","400 000CFA","location_onFann, Dakar, Sénégal","https://images.coinafrique.com/thumb_3613416_uploaded_image1_1647551529.jpg"
"1772356244-217","https://sn.coinafrique.com/categorie/autres-animaux?page=4","Caille","8 000CFA","location_onKaolack, Sénégal","https://images.coinafrique.com/thumb_3607957_uploaded_image1_1647266236.jpg"
"1772356244-218","https://sn.coinafrique.com/categorie/autres-animaux?page=4","Poussin caille","500CFA","location_onParcelle Assainies, Dakar, Sénégal","https://images.coinafrique.com/thumb_3576048_uploaded_image1_1645409801.jpg"
"1772356244-219","https://sn.coinafrique.com/categorie/autres-animaux?page=4","Dinde mâle","20 000CFA","location_onDakar, Sénégal","https://images.coinafrique.com/thumb_3575899_uploaded_image1_1645394898.jpg"
"1772356244-220","https://sn.coinafrique.com/categorie/autres-animaux?page=4","Poussins  d’oies","35 000CFA","location_onDakar, Sénégal","https://images.coinafrique.com/thumb_3569402_uploaded_image1_1644969388.jpg"
"1772356244-221","https://sn.coinafrique.com/categorie/autres-animaux?page=4","Cheval","500 000CFA","location_onSaint Louis, Sénégal","https://images.coinafrique.com/thumb_3569117_uploaded_image1_1644951974.jpg"
"1772356244-222","https://sn.coinafrique.com/categorie/autres-animaux?page=4","Bœufs","900 000CFA","location_onBambey, Sénégal","https://images.coinafrique.com/thumb_3544114_uploaded_image1_1643467299.jpg"
"1772356244-223","https://sn.coinafrique.com/categorie/autres-animaux?page=4","Jeune cheval","Prix sur demande","location_onDakar, Sénégal","https://images.coinafrique.com/thumb_3526170_uploaded_image1_1642274663.jpg"
"1772356244-224","https://sn.coinafrique.com/categorie/autres-animaux?page=4","Hamsters","15 000CFA","location_onMbao, Dakar, Sénégal","https://images.coinafrique.com/thumb_3525591_uploaded_image1_1642246209.jpg"
"1772356244-225","https://sn.coinafrique.com/categorie/autres-animaux?page=4","Bouc Espagnol","150 000CFA","location_onLouga, Sénégal","https://images.coinafrique.com/thumb_3523752_uploaded_image1_1642113362.jpg"
"1772356244-226","https://sn.coinafrique.com/categorie/autres-animaux?page=4","Cochon dinde","45 000CFA","location_onThies, Sénégal","https://images.coinafrique.com/thumb_3520084_uploaded_image1_1641925340.jpg"
"1772356244-227","https://sn.coinafrique.com/categorie/autres-animaux?page=4","Cochon dinde","45 000CFA","location_onThies, Sénégal","https://images.coinafrique.com/thumb_3520078_uploaded_image1_1641925243.jpg"
"1772356244-228","https://sn.coinafrique.com/categorie/autres-animaux?page=4","Cochon dinde","45 000CFA","location_onThies, Sénégal","https://images.coinafrique.com/thumb_3520065_uploaded_image1_1641924846.jpg"
"1772356244-229","https://sn.coinafrique.com/categorie/autres-animaux?page=4","Cheval","Prix sur demande","location_onDakar, Sénégal","https://images.coinafrique.com/thumb_3515231_uploaded_image1_1641645085.jpg"
"1772356244-230","https://sn.coinafrique.com/categorie/autres-animaux?page=4","Chat persan chinchilla","Prix sur demande","location_onFann-Point E-Amitié, Dakar, Sénégal","https://images.coinafrique.com/thumb_3515163_uploaded_image1_1641642618.jpg"
"1772356244-231","https://sn.coinafrique.com/categorie/autres-animaux?page=4","Bœufs","300 000CFA","location_onDieuppeul-Derklé, Dakar, Sénégal","https://images.coinafrique.com/thumb_3509381_uploaded_image1_1641354659.jpg"
"1772356244-232","https://sn.coinafrique.com/categorie/autres-animaux?page=4","Hamster","15 000CFA","location_onMbao, Dakar, Sénégal","https://images.coinafrique.com/thumb_3502571_uploaded_image1_1640864798.jpg"
"1772356244-233","https://sn.coinafrique.com/categorie/autres-animaux?page=4","Paon","350 000CFA","location_onMermoz-Sacré Coeur, Dakar, Sénégal","https://images.coinafrique.com/thumb_3500261_uploaded_image1_1640699224.jpg"
"1772356244-234","https://sn.coinafrique.com/categorie/autres-animaux?page=4","Oies de toulouse","20 000CFA","location_onDakar, Sénégal","https://images.coinafrique.com/thumb_3496368_uploaded_image2_1640341893.jpeg"
"1772356244-235","https://sn.coinafrique.com/categorie/autres-animaux?page=4","Bœuf","900 000CFA","location_onBambey, Sénégal","https://images.coinafrique.com/thumb_3492877_uploaded_image1_1640096405.jpg"
"1772356244-236","https://sn.coinafrique.com/categorie/autres-animaux?page=4","Dindes","Prix sur demande","location_onParcelle Assainies, Dakar, Sénégal","https://images.coinafrique.com/thumb_3474757_uploaded_image2_1638966967.jpeg"
"1772356244-237","https://sn.coinafrique.com/categorie/autres-animaux?page=4","Chaton siamois","Prix sur demande","location_onGrand Dakar, Dakar, Sénégal","https://images.coinafrique.com/thumb_3450631_uploaded_image1_1637664547.jpg"
"1772356244-238","https://sn.coinafrique.com/categorie/autres-animaux?page=4","Bœufs","Prix sur demande","location_onLouga, Sénégal","https://images.coinafrique.com/thumb_3448056_uploaded_image1_1637499860.jpg"
"1772356244-239","https://sn.coinafrique.com/categorie/autres-animaux?page=4","Couple dinde rouge","90 000CFA","location_onDakar, Sénégal","https://images.coinafrique.com/thumb_3425196_uploaded_image1_1636231334.jpg"
"1772356244-240","https://sn.coinafrique.com/categorie/autres-animaux?page=4","Canards","Prix sur demande","location_onDakar, Sénégal","https://images.coinafrique.com/thumb_3422543_uploaded_image1_1636113502.jpg"
"1772356244-241","https://sn.coinafrique.com/categorie/autres-animaux?page=4","Paire d'oie","100 000CFA","location_onThies, Sénégal","https://images.coinafrique.com/thumb_3418166_uploaded_image1_1635935843.jpg"
"1772356244-242","https://sn.coinafrique.com/categorie/autres-animaux?page=4","Oies de toulouse","450 000CFA","location_onMbour, Sénégal","https://images.coinafrique.com/thumb_3413662_uploaded_image1_1635765247.jpg"
"1772356244-243","https://sn.coinafrique.com/categorie/autres-animaux?page=4","Cailles","2 000CFA","location_onMermoz-Sacré Coeur, Dakar, Sénégal","https://images.coinafrique.com/thumb_3405018_uploaded_image1_1635264107.jpg"
"1772356249-244","https://sn.coinafrique.com/categorie/autres-animaux?page=3","Chaton","Prix sur demande","location_onNgor, Dakar, Sénégal","https://images.coinafrique.com/thumb_4608863_uploaded_image1_1708712110.jpg"
"1772356249-245","https://sn.coinafrique.com/categorie/autres-animaux?page=3","Chaton Siamois Hymalayen","240 000CFA","location_onDakar Plateau, Dakar, Sénégal","https://images.coinafrique.com/thumb_4593854_uploaded_image1_1707927839.jpg"
"1772356249-246","https://sn.coinafrique.com/categorie/autres-animaux?page=3","Chaton Persan","400 000CFA","location_onDakar Plateau, Dakar, Sénégal","https://images.coinafrique.com/thumb_4592914_uploaded_image1_1707885493.jpg"
"1772356249-247","https://sn.coinafrique.com/categorie/autres-animaux?page=3","Chaton Scottish Fold","750 000CFA","location_onDakar Plateau, Dakar, Sénégal","https://images.coinafrique.com/thumb_4571582_uploaded_image1_1706729320.jpg"
"1772356249-248","https://sn.coinafrique.com/categorie/autres-animaux?page=3","Perroquet youyou","10 000CFA","location_onDieuppeul-Derklé, Dakar, Sénégal","https://images.coinafrique.com/thumb_4570755_uploaded_image2_1706701706.jpeg"
"1772356249-249","https://sn.coinafrique.com/categorie/autres-animaux?page=3","Chaton Persan","400 000CFA","location_onDakar Plateau, Dakar, Sénégal","https://images.coinafrique.com/thumb_4569529_uploaded_image1_1706630955.jpg"
"1772356249-250","https://sn.coinafrique.com/categorie/autres-animaux?page=3","Boeuf","600 000CFA","location_onMbao, Dakar, Sénégal","https://images.coinafrique.com/thumb_4568012_uploaded_image1_1706543950.jpg"
"1772356249-251","https://sn.coinafrique.com/categorie/autres-animaux?page=3","Cochons d'inde","20 000CFA","location_onKeur Massar, Sénégal","https://images.coinafrique.com/thumb_4555313_uploaded_image1_1705776199.jpg"
"1772356249-252","https://sn.coinafrique.com/categorie/autres-animaux?page=3","Chaton Scotish Fold","750 000CFA","location_onFann, Dakar, Sénégal","https://images.coinafrique.com/thumb_4540889_uploaded_image1_1705029103.jpg"
"1772356249-253","https://sn.coinafrique.com/categorie/autres-animaux?page=3","Chaton Persan","400 000CFA","location_onDakar, Sénégal","https://images.coinafrique.com/thumb_4540876_uploaded_image1_1705028116.jpg"
"1772356249-254","https://sn.coinafrique.com/categorie/autres-animaux?page=3","Bœuf","Prix sur demande","location_onDiamalaye 2, Dakar, Sénégal","https://images.coinafrique.com/thumb_4534540_uploaded_image1_1704746080.jpg"
"1772356249-255","https://sn.coinafrique.com/categorie/autres-animaux?page=3","Poissons aquarium","7 000CFA","location_onDakar Plateau, Dakar, Sénégal","https://images.coinafrique.com/thumb_4534116_uploaded_image2_1704727054.jpeg"
"1772356249-256","https://sn.coinafrique.com/categorie/autres-animaux?page=3","Chatons Serval","1 500 000CFA","location_onSaint Louis, Sénégal","https://images.coinafrique.com/thumb_4517799_uploaded_image1_1703777941.jpg"
"1772356249-257","https://sn.coinafrique.com/categorie/autres-animaux?page=3","Couple dinde","40 000CFA","location_onKolda, Sénégal","https://images.coinafrique.com/thumb_4506000_uploaded_image1_1702997150.jpg"
"1772356249-258","https://sn.coinafrique.com/categorie/autres-animaux?page=3","Cochons","20 000CFA","location_onKeur Massar, Sénégal","https://images.coinafrique.com/thumb_4503064_uploaded_image1_1702806770.jpg"
"1772356249-259","https://sn.coinafrique.com/categorie/autres-animaux?page=3","Cochons","20 000CFA","location_onKeur Massar, Sénégal","https://images.coinafrique.com/thumb_4503058_uploaded_image1_1702806558.jpg"
"1772356249-260","https://sn.coinafrique.com/categorie/autres-animaux?page=3","Pintade","75 000CFA","location_onGuediawaye, Dakar, Sénégal","https://images.coinafrique.com/thumb_4465594_uploaded_image1_1700505532.jpg"
"1772356249-261","https://sn.coinafrique.com/categorie/autres-animaux?page=3","Perruche Anglaise","40 000CFA","location_onDieuppeul-Derklé, Dakar, Sénégal","https://images.coinafrique.com/thumb_4456172_uploaded_image1_1699885668.jpg"
"1772356249-262","https://sn.coinafrique.com/categorie/autres-animaux?page=3","Perruches ondulées","15 000CFA","location_onDieuppeul-Derklé, Dakar, Sénégal","https://images.coinafrique.com/thumb_4456156_uploaded_image1_1699884359.jpg"
"1772356249-263","https://sn.coinafrique.com/categorie/autres-animaux?page=3","Cailles","1 500CFA","location_onDakar, Sénégal","https://images.coinafrique.com/thumb_4454743_uploaded_image1_1699793813.jpg"
"1772356249-264","https://sn.coinafrique.com/categorie/autres-animaux?page=3","Perruche ondulée","7 000CFA","location_onThies, Sénégal","https://images.coinafrique.com/thumb_4452994_uploaded_image1_1699659802.jpg"
"1772356249-265","https://sn.coinafrique.com/categorie/autres-animaux?page=3","Paon","250 000CFA","location_onDakar, Sénégal","https://images.coinafrique.com/thumb_4451044_uploaded_image1_1699554808.jpg"
"1772356249-266","https://sn.coinafrique.com/categorie/autres-animaux?page=3","Paon","65 000CFA","location_onYoff, Dakar, Sénégal","https://images.coinafrique.com/thumb_4435457_uploaded_image1_1698661056.jpg"
"1772356249-267","https://sn.coinafrique.com/categorie/autres-animaux?page=3","Pintade","7 000CFA","location_onKeur Massar, Sénégal","https://images.coinafrique.com/thumb_4412768_uploaded_image1_1697036744.jpg"
"1772356249-268","https://sn.coinafrique.com/categorie/autres-animaux?page=3","Perroquet","50 000CFA","location_onPoint E, Dakar, Sénégal","https://images.coinafrique.com/thumb_4411374_uploaded_image1_1696959883.jpg"
"1772356249-269","https://sn.coinafrique.com/categorie/autres-animaux?page=3","Oies de Toulouse","Prix sur demande","location_onThies, Sénégal","https://images.coinafrique.com/thumb_4409000_uploaded_image1_1696840958.jpg"
"1772356249-270","https://sn.coinafrique.com/categorie/autres-animaux?page=3","Dindes","30 000CFA","location_onGuediawaye, Dakar, Sénégal","https://images.coinafrique.com/thumb_4408804_uploaded_image1_1696809535.jpg"
"1772356249-271","https://sn.coinafrique.com/categorie/autres-animaux?page=3","Pintades","40 000CFA","location_onGuediawaye, Dakar, Sénégal","https://images.coinafrique.com/thumb_4408799_uploaded_image1_1696809191.jpg"
"1772356249-272","https://sn.coinafrique.com/categorie/autres-animaux?page=3","Veaux","450 000CFA","location_onPikine, Sénégal","https://images.coinafrique.com/thumb_4407653_uploaded_image1_1696730126.jpg"
"1772356249-273","https://sn.coinafrique.com/categorie/autres-animaux?page=3","Chèvre","80 000CFA","location_onThies, Sénégal","https://images.coinafrique.com/thumb_4387674_uploaded_image1_1695430824.jpg"
"1772356249-274","https://sn.coinafrique.com/categorie/autres-animaux?page=3","Chat Persan","650 000CFA","location_onPoint E, Dakar, Sénégal","https://images.coinafrique.com/thumb_4386249_uploaded_image1_1695340690.jpg"
"1772356249-275","https://sn.coinafrique.com/categorie/autres-animaux?page=3","Dinde rouge pair","35 000CFA","location_onDakar, Sénégal","https://images.coinafrique.com/thumb_4381112_uploaded_image1_1695035479.jpg"
"1772356249-276","https://sn.coinafrique.com/categorie/autres-animaux?page=3","Bœuf","450 000CFA","location_onDakar, Sénégal","https://images.coinafrique.com/thumb_4379382_uploaded_image1_1694875556.jpg"
"1772356249-277","https://sn.coinafrique.com/categorie/autres-animaux?page=3","Chaton","Prix sur demande","location_onOuest Foire, Dakar, Sénégal","https://images.coinafrique.com/thumb_4365267_uploaded_image1_1694000653.jpg"
"1772356249-278","https://sn.coinafrique.com/categorie/autres-animaux?page=3","Taureau","320 000CFA","location_onRufisque, Sénégal","https://images.coinafrique.com/thumb_4335558_uploaded_image1_1692061499.jpg"
"1772356249-279","https://sn.coinafrique.com/categorie/autres-animaux?page=3","Chaton Gimalayen Siamois","250 000CFA","location_onFann, Dakar, Sénégal","https://images.coinafrique.com/thumb_4333502_uploaded_image1_1691932427.jpg"
"1772356249-280","https://sn.coinafrique.com/categorie/autres-animaux?page=3","Perruches ondulées","20 000CFA","location_onPoint E, Dakar, Sénégal","https://images.coinafrique.com/thumb_4331659_uploaded_image1_1691773285.jpg"
"1772356249-281","https://sn.coinafrique.com/categorie/autres-animaux?page=3","Perroquets","60 000CFA","location_onPoint E, Dakar, Sénégal","https://images.coinafrique.com/thumb_4331654_uploaded_image1_1691772808.jpg"
"1772356249-282","https://sn.coinafrique.com/categorie/autres-animaux?page=3","Cailles de chair","500CFA","location_onColobane, Dakar, Sénégal","https://images.coinafrique.com/thumb_4327166_uploaded_image1_1691508551.jpg"
"1772356249-283","https://sn.coinafrique.com/categorie/autres-animaux?page=3","Poussins d'autruche","50 000CFA","location_onBambey, Sénégal","https://images.coinafrique.com/thumb_4292496_uploaded_image1_1689236421.jpg"
"1772356249-284","https://sn.coinafrique.com/categorie/autres-animaux?page=3","Chat tigré","60 000CFA","location_onRufisque, Sénégal","https://images.coinafrique.com/thumb_4290090_uploaded_image1_1689085062.jpg"
"1772356249-285","https://sn.coinafrique.com/categorie/autres-animaux?page=3","Chat tigré","60 000CFA","location_onRufisque, Sénégal","https://images.coinafrique.com/thumb_4290086_uploaded_image1_1689084975.jpg"
"1772356249-286","https://sn.coinafrique.com/categorie/autres-animaux?page=3","Canard","30 000CFA","location_onGuediawaye, Dakar, Sénégal","https://images.coinafrique.com/thumb_4251761_uploaded_image1_1686479149.jpg"
"1772356249-287","https://sn.coinafrique.com/categorie/autres-animaux?page=3","Autruche","40 000CFA","location_onBambey, Sénégal","https://images.coinafrique.com/thumb_4274068_uploaded_image1_1688027259.jpg"
"1772356249-288","https://sn.coinafrique.com/categorie/autres-animaux?page=3","Chatons persans chinchilla golden shaded","500 000CFA","location_onSicap Liberté, Dakar, Sénégal","https://images.coinafrique.com/thumb_4268926_uploaded_image1_1687601650.jpg"
"1772356249-289","https://sn.coinafrique.com/categorie/autres-animaux?page=3","Chat persan chinchilla blue golden shaded","650 000CFA","location_onSicap Liberté, Dakar, Sénégal","https://images.coinafrique.com/thumb_4268866_uploaded_image1_1687597344.jpg"
"1772356249-290","https://sn.coinafrique.com/categorie/autres-animaux?page=3","Chat persan chinchilla golden shaded","500 000CFA","location_onSicap Liberté, Dakar, Sénégal","https://images.coinafrique.com/thumb_4268857_uploaded_image1_1687596952.jpg"
"1772356249-291","https://sn.coinafrique.com/categorie/autres-animaux?page=3","Perruches ondulées","20 000CFA","location_onDieuppeul-Derklé, Dakar, Sénégal","https://images.coinafrique.com/thumb_4268218_uploaded_image1_1687536623.jpg"
"1772356249-292","https://sn.coinafrique.com/categorie/autres-animaux?page=3","Oies","45 000CFA","location_onThies, Sénégal","https://images.coinafrique.com/thumb_4263743_uploaded_image1_1687283716.jpg"
"1772356249-293","https://sn.coinafrique.com/categorie/autres-animaux?page=3","Poissons aquariums","7 500CFA","location_onDakar Plateau, Dakar, Sénégal","https://images.coinafrique.com/thumb_4258053_uploaded_image1_1686843939.jpg"
"1772356249-294","https://sn.coinafrique.com/categorie/autres-animaux?page=3","Chaton","Prix sur demande","location_onOuest Foire, Dakar, Sénégal","https://images.coinafrique.com/thumb_4254477_uploaded_image1_1686653757.jpg"
"1772356249-295","https://sn.coinafrique.com/categorie/autres-animaux?page=3","Paon","Prix sur demande","location_onYoff, Dakar, Sénégal","https://images.coinafrique.com/thumb_4250701_uploaded_image1_1686389684.jpg"
"1772356249-296","https://sn.coinafrique.com/categorie/autres-animaux?page=3","Perruche","30 000CFA","location_onPoint E, Dakar, Sénégal","https://images.coinafrique.com/thumb_4236158_uploaded_image1_1685471000.jpg"
"1772356249-297","https://sn.coinafrique.com/categorie/autres-animaux?page=3","Paon","400CFA","location_onTouba, Sénégal","https://images.coinafrique.com/thumb_4226444_uploaded_image1_1684797786.jpg"
"1772356249-298","https://sn.coinafrique.com/categorie/autres-animaux?page=3","Poussins bleus hollandais","1 500CFA","location_onMbao, Dakar, Sénégal","https://images.coinafrique.com/thumb_4223952_uploaded_image1_1684611180.jpg"
"1772356249-299","https://sn.coinafrique.com/categorie/autres-animaux?page=3","Chaton Siamois Himalayen","275 000CFA","location_onFann, Dakar, Sénégal","https://images.coinafrique.com/thumb_4215680_uploaded_image1_1684074328.jpg"
"1772356249-300","https://sn.coinafrique.com/categorie/autres-animaux?page=3","Poissons aquarium","15 000CFA","location_onDakar Plateau, Dakar, Sénégal","https://images.coinafrique.com/thumb_4213007_uploaded_image1_1683888858.jpg"
"1772356249-301","https://sn.coinafrique.com/categorie/autres-animaux?page=3","Cailles","7 000CFA","location_onTouba, Sénégal","https://images.coinafrique.com/thumb_4208226_uploaded_image1_1683592423.jpg"
"1772356249-302","https://sn.coinafrique.com/categorie/autres-animaux?page=3","Boeuf","600 000CFA","location_onBambey, Sénégal","https://images.coinafrique.com/thumb_4196106_uploaded_image1_1682881461.jpg"
"1772356249-303","https://sn.coinafrique.com/categorie/autres-animaux?page=3","Perruches","30 000CFA","location_onHann Bel-Air, Dakar, Sénégal","https://images.coinafrique.com/thumb_4194617_uploaded_image1_1682759209.jpg"
"1772356249-304","https://sn.coinafrique.com/categorie/autres-animaux?page=3","Perroquet","35 000CFA","location_onDakar, Sénégal","https://images.coinafrique.com/thumb_4185842_uploaded_image1_1682102205.jpg"
"1772356249-305","https://sn.coinafrique.com/categorie/autres-animaux?page=3","Couple de perruches","14 900CFA","location_onThies, Sénégal","https://images.coinafrique.com/thumb_4180902_uploaded_image1_1681767382.jpg"
"1772356249-306","https://sn.coinafrique.com/categorie/autres-animaux?page=3","Chaton siamois","240 000CFA","location_onSacré-Coeur, Dakar, Sénégal","https://images.coinafrique.com/thumb_4180282_uploaded_image1_1681738114.jpg"
"1772356249-307","https://sn.coinafrique.com/categorie/autres-animaux?page=3","Dinde","45 000CFA","location_onTouba, Sénégal","https://images.coinafrique.com/thumb_4170236_uploaded_image1_1681079402.jpg"
"1772356249-308","https://sn.coinafrique.com/categorie/autres-animaux?page=3","Dindes","100 000CFA","location_onParcelle Assainies, Dakar, Sénégal","https://images.coinafrique.com/thumb_4169875_uploaded_image1_1681057517.jpg"
"1772356249-309","https://sn.coinafrique.com/categorie/autres-animaux?page=3","Dindes","100 000CFA","location_onParcelle Assainies, Dakar, Sénégal","https://images.coinafrique.com/thumb_4169870_uploaded_image1_1681057188.jpg"
"1772356249-310","https://sn.coinafrique.com/categorie/autres-animaux?page=3","Hamster doré","Prix sur demande","location_onPatte d'oie, Dakar, Sénégal","https://images.coinafrique.com/thumb_4169247_uploaded_image1_1680993460.jpg"
"1772356249-311","https://sn.coinafrique.com/categorie/autres-animaux?page=3","Perroquet","20 000CFA","location_onDakar, Sénégal","https://images.coinafrique.com/thumb_4141464_uploaded_image1_1679320795.jpg"
"1772356249-312","https://sn.coinafrique.com/categorie/autres-animaux?page=3","Canard colvert","32 500CFA","location_onAlmadies 2, Dakar, Sénégal","https://images.coinafrique.com/thumb_4141195_uploaded_image1_1679311407.jpg"
"1772356249-313","https://sn.coinafrique.com/categorie/autres-animaux?page=3","Chatte persane himalayenne","200 000CFA","location_onDakar, Sénégal","https://images.coinafrique.com/thumb_4140736_uploaded_image1_1679260998.jpg"
"1772356249-314","https://sn.coinafrique.com/categorie/autres-animaux?page=3","Oies","35 000CFA","location_onThies, Sénégal","https://images.coinafrique.com/thumb_4119270_uploaded_image2_1677889884.jpeg"
"1772356249-315","https://sn.coinafrique.com/categorie/autres-animaux?page=3","Hamster dorée","15 000CFA","location_onSacré-Coeur, Dakar, Sénégal","https://images.coinafrique.com/thumb_4110101_uploaded_image1_1677403384.jpg"
"1772356249-316","https://sn.coinafrique.com/categorie/autres-animaux?page=3","Chèvre sahelienne","180 000CFA","location_onMbour, Sénégal","https://images.coinafrique.com/thumb_4103018_uploaded_image1_1676929679.jpg"
"1772356249-317","https://sn.coinafrique.com/categorie/autres-animaux?page=3","Chats siamois himalayen","300 000CFA","location_onThies, Sénégal","https://images.coinafrique.com/thumb_4102440_uploaded_image1_1676904996.jpg"
"1772356249-318","https://sn.coinafrique.com/categorie/autres-animaux?page=3","Chaton angora","180 000CFA","location_onFann, Dakar, Sénégal","https://images.coinafrique.com/thumb_4102298_uploaded_image1_1676900131.jpg"
"1772356249-319","https://sn.coinafrique.com/categorie/autres-animaux?page=3","Cheval","Prix sur demande","location_onOuakam, Dakar, Sénégal","https://images.coinafrique.com/thumb_4092862_uploaded_image1_1676283623.jpg"
"1772356249-320","https://sn.coinafrique.com/categorie/autres-animaux?page=3","Bœuf","600 000CFA","location_onBambey, Sénégal","https://images.coinafrique.com/thumb_4090572_uploaded_image1_1676111755.jpg"
"1772356249-321","https://sn.coinafrique.com/categorie/autres-animaux?page=3","Oies","65 000CFA","location_onNiaga, Sénégal","https://images.coinafrique.com/thumb_4064457_uploaded_image1_1674641302.jpg"
"1772356249-322","https://sn.coinafrique.com/categorie/autres-animaux?page=3","Dinde","50 000CFA","location_onDakar, Sénégal","https://images.coinafrique.com/thumb_4060300_uploaded_image1_1674362008.jpg"
"1772356249-323","https://sn.coinafrique.com/categorie/autres-animaux?page=3","Canards","20 000CFA","location_onDakar, Sénégal","https://images.coinafrique.com/thumb_4056116_uploaded_image1_1674103896.jpg"
"1772356249-324","https://sn.coinafrique.com/categorie/autres-animaux?page=3","Dindons","175 000CFA","location_onDakar, Sénégal","https://images.coinafrique.com/thumb_4056115_uploaded_image1_1674103633.jpg"
"1772356249-325","https://sn.coinafrique.com/categorie/autres-animaux?page=3","Perruches ondulées","7 000CFA","location_onHann Bel-Air, Dakar, Sénégal","https://images.coinafrique.com/thumb_4049517_uploaded_image1_1673696813.jpg"
"1772356249-326","https://sn.coinafrique.com/categorie/autres-animaux?page=3","Boeuf","Prix sur demande","location_onNiaga, Sénégal","https://images.coinafrique.com/thumb_4047285_uploaded_image1_1673554118.jpg"
"1772356249-327","https://sn.coinafrique.com/categorie/autres-animaux?page=3","Oies de garde","200 000CFA","location_onMbour, Sénégal","https://images.coinafrique.com/thumb_4033376_uploaded_image1_1672817271.jpg"
